LotId,MaterialNo,Operation,EquipmentId,LotQty,LotState,StartTs
HRS-RE-2609-01,000000000000100200,OP40-STOPPER-SEAT,FERENTINO-L4,517,Released,2026-09-06T06:00:00
HRS-RE-2609-02,000000000000100200,OP40-STOPPER-SEAT,FERENTINO-L4,505,Released,2026-09-07T06:00:00
HRS-RE-2609-03,000000000000100200,OP40-STOPPER-SEAT,FERENTINO-L4,497,Released,2026-09-08T06:00:00
HRS-RE-2609-04,000000000000100200,OP40-STOPPER-SEAT,FERENTINO-L4,480,Released,2026-09-09T06:00:00
HRS-RE-2609-05,000000000000100200,OP40-STOPPER-SEAT,FERENTINO-L4,505,Released,2026-09-10T06:00:00
HRS-RE-2609-06,000000000000100200,OP40-STOPPER-SEAT,FERENTINO-L4,491,Released,2026-09-11T06:00:00
HRS-RE-2609-07,000000000000100200,OP40-STOPPER-SEAT,FERENTINO-L4,486,Released,2026-09-12T06:00:00
HRS-RE-2609-08,000000000000100200,OP40-STOPPER-SEAT,FERENTINO-L4,480,Released,2026-09-13T06:00:00
HRS-RE-2609-09,000000000000100200,OP40-STOPPER-SEAT,FERENTINO-L4,507,HOLD,2026-09-14T06:00:00
HRS-RE-2609-10,000000000000100200,OP40-STOPPER-SEAT,FERENTINO-L4,504,HOLD,2026-09-15T06:00:00
HRS-RE-2609-11,000000000000100200,OP40-STOPPER-SEAT,FERENTINO-L4,487,HOLD,2026-09-16T06:00:00
HRS-RE-2609-12,000000000000100200,OP40-STOPPER-SEAT,FERENTINO-L4,519,HOLD,2026-09-17T06:00:00
