registration__v,product__v,country__v,health_authority__c,submission_type__c,registration_state__c,first_ship_quarter__c,udi_di__c
REG-10000,Elrexfio IV Revascularisation Device,DE,G-BA,PMA,Approved,Q4 26,50012340000003
REG-10001,Prevnar 20 Stapler,DE,G-BA,510(k),Under Review,Q1 27,50012340000010
REG-10002,Comirnaty Gen 2 PFA Catheter,DE,G-BA,PMA,Blocked,Q2 27,50012340000027
REG-10003,Velsipity Robotic Platform Kit,DE,G-BA,EU MDR,Approved,Q2 27,50012340000034
REG-10004,Litfulo Toric IOL,DE,G-BA,PMA,Approved,Q3 27,50012340000041
REG-10005,Somavert XL IVL Catheter,DE,G-BA,PMA,Approved,Q4 27,50012340000058
REG-10006,Elrexfio IV Revascularisation Device,FR,HAS,PMA,Approved,Q4 26,50012340000065
REG-10007,Comirnaty Gen 2 PFA Catheter,FR,HAS,PMA,Blocked,Q2 27,50012340000072
REG-10008,Prevnar 20 Stapler,FR,HAS,510(k),Under Review,Q3 27,50012340000089
REG-10009,Velsipity Robotic Platform Kit,FR,HAS,EU MDR,Approved,Q3 27,50012340000096
REG-10010,Litfulo Toric IOL,FR,HAS,PMA,Approved,Q4 27,50012340000102
REG-10011,Zavzpret Energy System,US,FDA,EU MDR,Approved,live,50012340000119
REG-10012,Velsipity Robotic Platform Kit,US,FDA,EU MDR,Approved,Q1 27,50012340000126
REG-10013,Comirnaty Gen 2 PFA Catheter,US,FDA,PMA,Approved,Q2 27,50012340000133
REG-10014,Prevnar 20 Stapler,US,FDA,510(k),Under Review,Q3 27,50012340000140
REG-10015,Somavert XL IVL Catheter,US,FDA,PMA,Approved,Q4 27,50012340000157
REG-10016,Genotropin ECP+ Console v3,US,FDA,PMA,Approved,Q4 27,50012340000164
REG-10017,Elrexfio IV Revascularisation Device,UK,MHRA,PMA,Approved,Q4 26,50012340000171
REG-10018,Prevnar 20 Stapler,UK,MHRA,510(k),Under Review,Q1 27,50012340000188
REG-10019,Comirnaty Gen 2 PFA Catheter,UK,MHRA,PMA,Approved,Q2 27,50012340000195
REG-10020,Velsipity Robotic Platform Kit,UK,MHRA,EU MDR,Approved,Q3 27,50012340000201
REG-10021,Litfulo Toric IOL,UK,MHRA,PMA,Approved,Q4 27,50012340000218
REG-10022,Elrexfio IV Revascularisation Device,ES,AEMPS,PMA,Under Review,Q4 26,50012340000225
REG-10023,Comirnaty Gen 2 PFA Catheter,ES,AEMPS,PMA,Approved,Q2 27,50012340000232
REG-10024,Prevnar 20 Stapler,ES,AEMPS,510(k),Approved,Q3 27,50012340000249
REG-10025,Litfulo Toric IOL,ES,AEMPS,PMA,Approved,Q4 27,50012340000256
REG-10026,Velsipity Robotic Platform Kit,ES,AEMPS,EU MDR,Approved,Q4 27,50012340000263
REG-10027,Elrexfio IV Revascularisation Device,JP,PMDA,PMA,Approved,Q1 27,50012340000270
REG-10028,Comirnaty Gen 2 PFA Catheter,JP,PMDA,PMA,Approved,Q3 27,50012340000287
REG-10029,Prevnar 20 Stapler,JP,PMDA,510(k),Approved,Q4 27,50012340000294
REG-10030,Litfulo Toric IOL,JP,PMDA,PMA,Approved,Q4 27,50012340000300
REG-10031,Elrexfio IV Revascularisation Device,CN,NMPA,PMA,Approved,Q3 27,50012340000317
REG-10032,Comirnaty Gen 2 PFA Catheter,CN,NMPA,PMA,Approved,Q4 27,50012340000324
REG-10033,Litfulo Toric IOL,CN,NMPA,PMA,Approved,Q4 27,50012340000331
REG-10034,Elrexfio IV Revascularisation Device,BR,ANVISA,PMA,Approved,Q2 27,50012340000348
REG-10035,Comirnaty Gen 2 PFA Catheter,BR,ANVISA,PMA,Approved,Q3 27,50012340000355
REG-10036,Prevnar 20 Stapler,BR,ANVISA,510(k),Approved,Q4 27,50012340000362
REG-10037,Elrexfio IV Revascularisation Device,IT,AIFA,PMA,Approved,Q1 27,50012340000379
REG-10038,Litfulo Toric IOL,IT,AIFA,PMA,Under Review,Q3 27,50012340000386
REG-10039,Zavzpret Energy System,IT,AIFA,EU MDR,Approved,Q4 27,50012340000393
REG-10040,Prevnar 20 Stapler,IN,CDSCO,510(k),Approved,Q2 28,50012340000409
REG-10041,Somavert XL IVL Catheter,IN,CDSCO,PMA,Approved,Q3 28,50012340000416
REG-10042,Elrexfio IV Revascularisation Device,CA,Health Canada,PMA,Approved,Q1 27,50012340000423
REG-10043,Comirnaty Gen 2 PFA Catheter,CA,Health Canada,PMA,Approved,Q3 27,50012340000430
REG-10044,Comirnaty Gen 2 PFA Catheter,AU,TGA,PMA,Approved,Q4 27,50012340000447
REG-10045,Prevnar 20 Stapler,AU,TGA,510(k),Approved,Q4 27,50012340000454
