GateId,ProjectId,GateCode,GateName,BaselineDate,ForecastDate,SlipDays,Status
G-BEROBENATIDE_OBESITY_G1,PRJ-BERO_OB,G1,Launch Strategy Approved,2025-02-23,2025-02-23,0,ok
G-BEROBENATIDE_OBESITY_G2,PRJ-BERO_OB,G2,NPL Plan Approved,2025-07-25,2025-07-25,0,ok
G-BEROBENATIDE_OBESITY_G3,PRJ-BERO_OB,G3,DS Released,2025-12-24,2025-12-24,0,ok
G-BEROBENATIDE_OBESITY_G4,PRJ-BERO_OB,G4,DP Released,2026-05-25,2026-07-11,47,late
G-BEROBENATIDE_OBESITY_G5,PRJ-BERO_OB,G5,Finished Product Released,2026-10-24,2026-10-24,0,no
G-BEROBENATIDE_OBESITY_G6,PRJ-BERO_OB,G6,Launch Readiness Confirmed,2027-03-25,2027-03-25,0,no
G-BEROBENATIDE_OBESITY_G7,PRJ-BERO_OB,G7,Launch Go / No-Go,2027-08-24,2027-08-24,0,no
G-BEROBENATIDE_OBESITY_G8,PRJ-BERO_OB,G8,Commercial Availability,2028-01-23,2028-01-23,0,no
G-BEROBENATIDE_OBESITY_BAU,PRJ-BERO_OB,BAU,BAU handover,2028-06-23,2028-06-23,0,no
G-BEROBENATIDE_T2D_G1,PRJ-BERO_T2D,G1,Launch Strategy Approved,2025-08-10,2025-08-10,0,ok
G-BEROBENATIDE_T2D_G2,PRJ-BERO_T2D,G2,NPL Plan Approved,2026-01-09,2026-01-27,18,rk
G-BEROBENATIDE_T2D_G3,PRJ-BERO_T2D,G3,DS Released,2026-06-10,2026-06-10,0,no
G-BEROBENATIDE_T2D_G4,PRJ-BERO_T2D,G4,DP Released,2026-11-09,2026-11-09,0,no
G-BEROBENATIDE_T2D_G5,PRJ-BERO_T2D,G5,Finished Product Released,2027-04-10,2027-04-10,0,no
G-BEROBENATIDE_T2D_G6,PRJ-BERO_T2D,G6,Launch Readiness Confirmed,2027-09-09,2027-09-09,0,no
G-BEROBENATIDE_T2D_G7,PRJ-BERO_T2D,G7,Launch Go / No-Go,2028-02-08,2028-02-08,0,no
G-BEROBENATIDE_T2D_G8,PRJ-BERO_T2D,G8,Commercial Availability,2028-07-09,2028-07-09,0,no
G-BEROBENATIDE_T2D_BAU,PRJ-BERO_T2D,BAU,BAU handover,2028-12-08,2028-12-08,0,no
G-PF08634404_CRC_G1,PRJ-PF08634404_CRC,G1,Launch Strategy Approved,2025-06-21,2025-06-21,0,ok
G-PF08634404_CRC_G2,PRJ-PF08634404_CRC,G2,NPL Plan Approved,2025-11-20,2025-11-20,0,ok
G-PF08634404_CRC_G3,PRJ-PF08634404_CRC,G3,DS Released,2026-04-21,2026-05-15,24,rk
G-PF08634404_CRC_G4,PRJ-PF08634404_CRC,G4,DP Released,2026-09-20,2026-09-20,0,no
G-PF08634404_CRC_G5,PRJ-PF08634404_CRC,G5,Finished Product Released,2027-02-19,2027-02-19,0,no
G-PF08634404_CRC_G6,PRJ-PF08634404_CRC,G6,Launch Readiness Confirmed,2027-07-21,2027-07-21,0,no
G-PF08634404_CRC_G7,PRJ-PF08634404_CRC,G7,Launch Go / No-Go,2027-12-20,2027-12-20,0,no
G-PF08634404_CRC_G8,PRJ-PF08634404_CRC,G8,Commercial Availability,2028-05-20,2028-05-20,0,no
G-PF08634404_CRC_BAU,PRJ-PF08634404_CRC,BAU,BAU handover,2028-10-19,2028-10-19,0,no
G-MET097_OBESITY_G1,PRJ-MET097_OB,G1,Launch Strategy Approved,2024-11-02,2024-11-02,0,ok
G-MET097_OBESITY_G2,PRJ-MET097_OB,G2,NPL Plan Approved,2025-04-03,2025-04-03,0,ok
G-MET097_OBESITY_G3,PRJ-MET097_OB,G3,DS Released,2025-09-02,2025-09-02,0,ok
G-MET097_OBESITY_G4,PRJ-MET097_OB,G4,DP Released,2026-02-01,2026-02-01,0,ok
G-MET097_OBESITY_G5,PRJ-MET097_OB,G5,Finished Product Released,2026-07-03,2026-07-03,0,run
G-MET097_OBESITY_G6,PRJ-MET097_OB,G6,Launch Readiness Confirmed,2026-12-02,2026-12-02,0,no
G-MET097_OBESITY_G7,PRJ-MET097_OB,G7,Launch Go / No-Go,2027-05-03,2027-05-03,0,no
G-MET097_OBESITY_G8,PRJ-MET097_OB,G8,Commercial Availability,2027-10-02,2027-10-02,0,no
G-MET097_OBESITY_BAU,PRJ-MET097_OB,BAU,BAU handover,2028-03-02,2028-03-02,0,no
G-BEROBENATIDE_OSA_G1,PRJ-BERO_OSA,G1,Launch Strategy Approved,2024-09-14,2024-09-14,0,ok
G-BEROBENATIDE_OSA_G2,PRJ-BERO_OSA,G2,NPL Plan Approved,2025-02-13,2025-02-13,0,ok
G-BEROBENATIDE_OSA_G3,PRJ-BERO_OSA,G3,DS Released,2025-07-15,2025-07-15,0,ok
G-BEROBENATIDE_OSA_G4,PRJ-BERO_OSA,G4,DP Released,2025-12-14,2025-12-14,0,ok
G-BEROBENATIDE_OSA_G5,PRJ-BERO_OSA,G5,Finished Product Released,2026-05-15,2026-05-15,0,ok
G-BEROBENATIDE_OSA_G6,PRJ-BERO_OSA,G6,Launch Readiness Confirmed,2026-10-14,2026-10-26,12,rk
G-BEROBENATIDE_OSA_G7,PRJ-BERO_OSA,G7,Launch Go / No-Go,2027-03-15,2027-03-15,0,no
G-BEROBENATIDE_OSA_G8,PRJ-BERO_OSA,G8,Commercial Availability,2027-08-14,2027-08-14,0,no
G-BEROBENATIDE_OSA_BAU,PRJ-BERO_OSA,BAU,BAU handover,2028-01-13,2028-01-13,0,no
G-BEROBENATIDE_KNEE_OA_G1,PRJ-BERO_OA,G1,Launch Strategy Approved,2024-07-13,2024-07-13,0,ok
G-BEROBENATIDE_KNEE_OA_G2,PRJ-BERO_OA,G2,NPL Plan Approved,2024-12-12,2024-12-12,0,ok
G-BEROBENATIDE_KNEE_OA_G3,PRJ-BERO_OA,G3,DS Released,2025-05-13,2025-05-13,0,ok
G-BEROBENATIDE_KNEE_OA_G4,PRJ-BERO_OA,G4,DP Released,2025-10-12,2025-10-12,0,ok
G-BEROBENATIDE_KNEE_OA_G5,PRJ-BERO_OA,G5,Finished Product Released,2026-03-13,2026-03-13,0,ok
G-BEROBENATIDE_KNEE_OA_G6,PRJ-BERO_OA,G6,Launch Readiness Confirmed,2026-08-12,2026-08-12,0,ok
G-BEROBENATIDE_KNEE_OA_G7,PRJ-BERO_OA,G7,Launch Go / No-Go,2027-01-11,2027-01-11,0,run
G-BEROBENATIDE_KNEE_OA_G8,PRJ-BERO_OA,G8,Commercial Availability,2027-06-12,2027-06-12,0,no
G-BEROBENATIDE_KNEE_OA_BAU,PRJ-BERO_OA,BAU,BAU handover,2027-11-11,2027-11-11,0,no
G-SIGVOTATUG_NSCLC_G1,PRJ-SIGVO_NSCLC,G1,Launch Strategy Approved,2024-04-06,2024-04-06,0,ok
G-SIGVOTATUG_NSCLC_G2,PRJ-SIGVO_NSCLC,G2,NPL Plan Approved,2024-09-05,2024-09-05,0,ok
G-SIGVOTATUG_NSCLC_G3,PRJ-SIGVO_NSCLC,G3,DS Released,2025-02-04,2025-02-04,0,ok
G-SIGVOTATUG_NSCLC_G4,PRJ-SIGVO_NSCLC,G4,DP Released,2025-07-06,2025-07-06,0,ok
G-SIGVOTATUG_NSCLC_G5,PRJ-SIGVO_NSCLC,G5,Finished Product Released,2025-12-05,2025-12-05,0,ok
G-SIGVOTATUG_NSCLC_G6,PRJ-SIGVO_NSCLC,G6,Launch Readiness Confirmed,2026-05-06,2026-05-06,0,ok
G-SIGVOTATUG_NSCLC_G7,PRJ-SIGVO_NSCLC,G7,Launch Go / No-Go,2026-10-05,2026-10-05,0,ok
G-SIGVOTATUG_NSCLC_G8,PRJ-SIGVO_NSCLC,G8,Commercial Availability,2027-03-06,2027-03-15,9,rk
G-SIGVOTATUG_NSCLC_BAU,PRJ-SIGVO_NSCLC,BAU,BAU handover,2027-08-05,2027-08-05,0,no
G-PF3945_OBESITY_G1,PRJ-PF3945_OB,G1,Launch Strategy Approved,2026-02-07,2026-02-07,0,run
G-PF3945_OBESITY_G2,PRJ-PF3945_OB,G2,NPL Plan Approved,2026-07-09,2026-07-09,0,no
G-PF3945_OBESITY_G3,PRJ-PF3945_OB,G3,DS Released,2026-12-08,2026-12-08,0,no
G-PF3945_OBESITY_G4,PRJ-PF3945_OB,G4,DP Released,2027-05-09,2027-05-09,0,no
G-PF3945_OBESITY_G5,PRJ-PF3945_OB,G5,Finished Product Released,2027-10-08,2027-10-08,0,no
G-PF3945_OBESITY_G6,PRJ-PF3945_OB,G6,Launch Readiness Confirmed,2028-03-08,2028-03-08,0,no
G-PF3945_OBESITY_G7,PRJ-PF3945_OB,G7,Launch Go / No-Go,2028-08-07,2028-08-07,0,no
G-PF3945_OBESITY_G8,PRJ-PF3945_OB,G8,Commercial Availability,2029-01-06,2029-01-06,0,no
G-PF3945_OBESITY_BAU,PRJ-PF3945_OB,BAU,BAU handover,2029-06-07,2029-06-07,0,no
G-ATIRMOCICLIB_MBC_G1,PRJ-ATIRMO_MBC,G1,Launch Strategy Approved,2023-10-14,2023-10-14,0,ok
G-ATIRMOCICLIB_MBC_G2,PRJ-ATIRMO_MBC,G2,NPL Plan Approved,2024-03-14,2024-03-14,0,ok
G-ATIRMOCICLIB_MBC_G3,PRJ-ATIRMO_MBC,G3,DS Released,2024-08-13,2024-08-13,0,ok
G-ATIRMOCICLIB_MBC_G4,PRJ-ATIRMO_MBC,G4,DP Released,2025-01-12,2025-01-12,0,ok
G-ATIRMOCICLIB_MBC_G5,PRJ-ATIRMO_MBC,G5,Finished Product Released,2025-06-13,2025-06-13,0,ok
G-ATIRMOCICLIB_MBC_G6,PRJ-ATIRMO_MBC,G6,Launch Readiness Confirmed,2025-11-12,2025-11-12,0,ok
G-ATIRMOCICLIB_MBC_G7,PRJ-ATIRMO_MBC,G7,Launch Go / No-Go,2026-04-13,2026-04-13,0,ok
G-ATIRMOCICLIB_MBC_G8,PRJ-ATIRMO_MBC,G8,Commercial Availability,2026-09-12,2026-09-12,0,ok
G-ATIRMOCICLIB_MBC_BAU,PRJ-ATIRMO_MBC,BAU,BAU handover,2027-02-11,2027-02-11,0,run
