contract_id,supplier_id,clause_ref,capacity_commitment,notice_days,penalty_available,effective_from,status,note
CW-VETTER_73,AN01-VETTER-RVB,clause 7.3,NON_COMMITTED,30,N,2024-01-01,Active,"Non-committed capacity reservation, reallocable on 30 days notice, no claim and no penalty — the root cause of NPI-0417."
CW-SIEGFRIED_COMMITTED,AN02-SIEGFRIED-HML,committed-capacity clause,COMMITTED,90,Y,2024-01-01,Draft,Corrective action: replace the non-committed reservation with committed capacity at a permanently qualified second source.
CW-5000,AN05-APTAR-LVD,clause 4.1,NON_COMMITTED,90,N,2023-08-13,Active,
CW-5001,AN05-APTAR-LVD,clause 6.6,COMMITTED,60,Y,2023-06-11,Active,
CW-5002,AN09-EUROFINS-SCI,clause 9.1,COMMITTED,30,N,2025-09-11,Active,
CW-5003,AN01-VETTER-RVB,clause 6.6,COMMITTED,60,Y,2023-02-12,Active,
CW-5004,AN02-SIEGFRIED-HML,clause 5.2,NON_COMMITTED,30,Y,2024-06-13,Active,
CW-5005,AN02-SIEGFRIED-HML,clause 5.2,NON_COMMITTED,60,N,2025-03-13,Active,
CW-5006,AN09-EUROFINS-SCI,clause 4.1,NON_COMMITTED,90,N,2025-06-14,Active,
CW-5007,AN09-EUROFINS-SCI,clause 5.2,NON_COMMITTED,30,N,2024-09-13,Active,
CW-5008,AN05-APTAR-LVD,clause 12.3,COMMITTED,60,N,2023-09-14,Active,
CW-5009,AN02-SIEGFRIED-HML,clause 5.2,COMMITTED,30,N,2022-03-10,Active,
CW-5010,AN02-SIEGFRIED-HML,clause 9.1,COMMITTED,60,N,2023-05-12,Active,
CW-5011,AN01-VETTER-RVB,clause 9.1,COMMITTED,90,Y,2025-03-13,Active,
CW-5012,AN01-VETTER-RVB,clause 9.1,COMMITTED,30,Y,2024-08-15,Active,
CW-5013,AN01-VETTER-RVB,clause 9.1,COMMITTED,60,N,2025-05-13,Active,
CW-5014,AN01-VETTER-RVB,clause 9.1,NON_COMMITTED,30,Y,2022-02-12,Active,
CW-5015,AN05-APTAR-LVD,clause 9.1,COMMITTED,90,N,2024-09-15,Active,
CW-5016,AN02-SIEGFRIED-HML,clause 5.2,NON_COMMITTED,60,N,2022-02-10,Active,
CW-5017,AN05-APTAR-LVD,clause 12.3,COMMITTED,30,N,2025-02-10,Active,
CW-5018,AN01-VETTER-RVB,clause 4.1,NON_COMMITTED,30,N,2025-02-10,Active,
CW-5019,AN05-APTAR-LVD,clause 6.6,COMMITTED,60,Y,2023-08-15,Active,
CW-5020,AN09-EUROFINS-SCI,clause 5.2,COMMITTED,90,Y,2023-07-11,Active,
CW-5021,AN02-SIEGFRIED-HML,clause 9.1,COMMITTED,90,Y,2023-02-15,Active,
CW-5022,AN05-APTAR-LVD,clause 9.1,COMMITTED,30,N,2022-09-10,Active,
CW-5023,AN09-EUROFINS-SCI,clause 12.3,COMMITTED,90,Y,2025-04-11,Active,
CW-5024,AN02-SIEGFRIED-HML,clause 6.6,NON_COMMITTED,60,N,2025-03-10,Active,
CW-5025,AN02-SIEGFRIED-HML,clause 12.3,COMMITTED,30,Y,2024-06-14,Active,
CW-5026,AN01-VETTER-RVB,clause 9.1,COMMITTED,30,N,2023-01-10,Active,
CW-5027,AN09-EUROFINS-SCI,clause 4.1,NON_COMMITTED,60,Y,2023-04-14,Active,
CW-5028,AN05-APTAR-LVD,clause 9.1,COMMITTED,60,N,2023-02-13,Active,
CW-5029,AN01-VETTER-RVB,clause 12.3,NON_COMMITTED,30,Y,2022-03-12,Active,
CW-5030,AN01-VETTER-RVB,clause 9.1,COMMITTED,90,Y,2024-03-14,Active,
CW-5031,AN02-SIEGFRIED-HML,clause 4.1,COMMITTED,30,N,2022-05-15,Active,
CW-5032,AN09-EUROFINS-SCI,clause 12.3,NON_COMMITTED,60,Y,2025-06-12,Active,
CW-5033,AN09-EUROFINS-SCI,clause 12.3,NON_COMMITTED,60,Y,2025-07-11,Active,
CW-5034,AN09-EUROFINS-SCI,clause 12.3,NON_COMMITTED,30,Y,2025-05-11,Active,
CW-5035,AN02-SIEGFRIED-HML,clause 12.3,NON_COMMITTED,90,Y,2024-05-11,Active,
CW-5036,AN02-SIEGFRIED-HML,clause 6.6,COMMITTED,60,N,2024-01-15,Active,
CW-5037,AN02-SIEGFRIED-HML,clause 4.1,NON_COMMITTED,30,Y,2024-09-14,Active,
