MATNR,MAKTX,MTART,MEINS,WERKS,MATKL,PRDHA,LVORM,MSTAE
000000000000100200,Berobenatide,FERT,EA,US30,MED-DEV,ClassIII,,10
000000000000100201,Sasanlimab,FERT,EA,IE20,MED-DEV,ClassIII,,10
000000000000100202,Sigvotatug,FERT,EA,US30,MED-DEV,ClassIII,,10
000000000000100203,MET097,FERT,EA,IE20,MED-DEV,ClassIII,,10
000000000000100204,PF-07817883,FERT,EA,IE20,MED-DEV,ClassIII,,10
000000000000100205,Vepdegestrant,FERT,EA,US30,MED-DEV,ClassII,,10
000000000000100206,Atirmociclib,FERT,EA,DE10,MED-DEV,ClassII,,20
000000000000100207,PF-3945,FERT,EA,US30,MED-DEV,ClassII,,10
000000000000100208,PF-08634404,FERT,EA,DE10,MED-DEV,ClassIII,,10
