PRCTR,MATNR,GJAHR,PERIO,WRTTP,REVENUE_EUR,CURRENCY
PC4100,000000000000100200,2027,2027Q1,1,10580000,EUR
PC4100,000000000000100200,2027,2027Q2,1,10578265,EUR
PC4100,000000000000100200,2027,2027Q3,1,10580000,EUR
PC4100,000000000000100200,2027,2027Q4,1,10580000,EUR
PC4101,000000000000100201,2027,2027Q1,1,3565000,EUR
PC4101,000000000000100201,2027,2027Q2,1,3561235,EUR
PC4101,000000000000100201,2027,2027Q3,1,3565000,EUR
PC4101,000000000000100201,2027,2027Q4,1,3565000,EUR
PC4102,000000000000100202,2027,2027Q1,1,1782500,EUR
PC4102,000000000000100202,2027,2027Q2,1,1781009,EUR
PC4102,000000000000100202,2027,2027Q3,1,1782500,EUR
PC4102,000000000000100202,2027,2027Q4,1,1782500,EUR
PC4105,000000000000100205,2027,2027Q1,1,4485000,EUR
PC4105,000000000000100205,2027,2027Q2,1,4484248,EUR
PC4105,000000000000100205,2027,2027Q3,1,4485000,EUR
PC4105,000000000000100205,2027,2027Q4,1,4485000,EUR
PC4106,000000000000100206,2027,2027Q1,1,115000,EUR
PC4106,000000000000100206,2027,2027Q2,1,113237,EUR
PC4106,000000000000100206,2027,2027Q3,1,115000,EUR
PC4106,000000000000100206,2027,2027Q4,1,115000,EUR
PC4108,000000000000100208,2027,2027Q1,1,1322500,EUR
PC4108,000000000000100208,2027,2027Q2,1,1323032,EUR
PC4108,000000000000100208,2027,2027Q3,1,1322500,EUR
PC4108,000000000000100208,2027,2027Q4,1,1322500,EUR
