LIFNR,NAME1,LAND1,KTOKK,SPERR,LOEVM,ERDAT,WAERS,STCEG
0001007731,Steris Venlo,NL,LIEF,,,20180312,EUR,DE109402215
0001007988 ,Sterigenics Grand Rapids,US,LIEF,,,20180312,EUR,US
0001004412,Heraeus Medical Components,DE,LIEF,,,20180312,EUR,DE219847881
0001009003,BSI (Notified Body),DE,LIEF,,,20180312,EUR,DE229523980
0001010000,Gerresheimer AG,CH,LIEF,,,20140318,EUR,
0001010007,Freudenberg Medical,CH,LIEF,,,20150127,EUR,
0001010014,Nordson MEDICAL,FR,LIEF,,,20180228,EUR,
0001010021,Tekni-Plex,CH,LIEF,,,20170306,EUR,
0001010028,Trelleborg Sealing,US,LIEF,,,20161025,EUR,
0001010035,Nolato Medical,US,LIEF,,,20190114,EUR,
0001010042,Datwyler Pharma,IE,LIEF,,,20170206,EUR,
0001010049,Raumedic AG,IE,LIEF,,,20161024,EUR,
0001010056,Zeus Industrial,IE,LIEF,,,20141108,EUR,
0001010063,Saint-Gobain Perf.,NL,LIEF,,,20191121,EUR,
0001010070,Vernay Labs,IE,LIEF,,,20140707,EUR,
0001010077,Kimball Electronics,CH,LIEF,,,20160815,EUR,
0001010084,Phillips-Medisize,IE,LIEF,,,20140920,EUR,
0001010091,Cadence Inc,US,LIEF,,,20180519,EUR,
0001010098,MedPlast,US,LIEF,,,20190517,EUR,
0001010105,Vante,NL,LIEF,,,20150711,EUR,
0001010112,Genesis Plastics,IE,LIEF,,,20190704,EUR,
0001010119,Spectrum Plastics,NL,LIEF,,,20170408,EUR,
0001010126,MW Industries,CH,LIEF,,,20170928,EUR,
0001010133,Micro-Coax,NL,LIEF,,,20190618,EUR,
0001010140,Gerresheimer AG 3,CH,LIEF,,,20161023,EUR,
0001010147,Freudenberg Medical 3,CH,LIEF,,,20190818,EUR,
0001010154,Nordson MEDICAL 3,CH,LIEF,,,20190521,EUR,
0001010161,Tekni-Plex 3,FR,LIEF,,,20160227,EUR,
0001010168,Trelleborg Sealing 3,DE,LIEF,,,20191107,EUR,
0001010175,Nolato Medical 3,FR,LIEF,,,20170820,EUR,
0001010182,Datwyler Pharma 3,NL,LIEF,,,20151115,EUR,
0001010189,Raumedic AG 3,NL,LIEF,,,20180721,EUR,
0001010196,Zeus Industrial 3,DE,LIEF,,,20180915,EUR,
0001010203,Saint-Gobain Perf. 3,CH,LIEF,,,20190711,EUR,
0001010210,Vernay Labs 3,FR,LIEF,,,20190102,EUR,
0001010217,Kimball Electronics 3,CH,LIEF,,,20170604,EUR,
0001010224,Phillips-Medisize 3,NL,LIEF,,,20150928,EUR,
0001010231,Cadence Inc 3,NL,LIEF,,,20161212,EUR,
0001010238,MedPlast 3,NL,LIEF,,,20160623,EUR,
0001010245,Vante 3,IE,LIEF,,,20180607,EUR,
0001010252,Genesis Plastics 3,FR,LIEF,,,20160624,EUR,
0001010259,Spectrum Plastics 3,FR,LIEF,,,20140302,EUR,
0001010266,MW Industries 3,FR,LIEF,,,20160514,EUR,
0001010273,Micro-Coax 3,FR,LIEF,,,20151204,EUR,
0001010280,Gerresheimer AG 4,CH,LIEF,,X,20161019,EUR,
0001010287,Freudenberg Medical 4,IE,LIEF,,,20141121,EUR,
0001010294,Nordson MEDICAL 4,DE,LIEF,,,20140519,EUR,
0001010301,Tekni-Plex 4,IE,LIEF,,,20140428,EUR,
0001010308,Trelleborg Sealing 4,NL,LIEF,,,20190623,EUR,
0001010315,Nolato Medical 4,NL,LIEF,,,20160914,EUR,
0001010322,Datwyler Pharma 4,NL,LIEF,,,20190223,EUR,
0001010329,Raumedic AG 4,US,LIEF,,,20190121,EUR,
0001010336,Zeus Industrial 4,NL,LIEF,,,20180502,EUR,
0001010343,Saint-Gobain Perf. 4,IE,LIEF,,,20181209,EUR,
0001010350,Vernay Labs 4,FR,LIEF,,,20180727,EUR,
0001010357,Kimball Electronics 4,CH,LIEF,,,20190309,EUR,
0001009003,BSI (Notified Body),DE,LIEF,,,20180312,EUR,DE229523980
